instance,cols,rows,nz,feasibleLP,secLPOpt,objLP,cpropFeas,cpropTime,ppLPTime,ppCols,ppRows,ppNZ,ppLPOptTime,ppLPObj,ppLPFeasible,error
10teams.mps.gz,2025,230,12150,1,0.0682,917,1,0.0011,0.0003,2025,230,12150,0.0650,917,1,""
23844-T1_0.mps.gz,47237,60575,589221,1,19.4546,376993,1,0.0724,0.0864,43469,53255,563828,14.5479,376993,1,""
30n20b8.mps.gz,18380,576,109706,1,0.0684,1.56641,1,0.0121,0.0025,18380,576,109706,0.0681,1.56641,1,""
a05100.mps.gz,500,105,1000,1,0.0012,1697.73,1,0.0003,0.0001,500,105,1000,0.0009,1697.73,1,""
a10100.mps.gz,1000,110,2000,1,0.0016,1358.56,1,0.0004,0.0001,1000,110,2000,0.0016,1358.56,1,""
a10200.mps.gz,2000,210,4000,1,0.0030,2623,1,0.0009,0.0003,2000,210,4000,0.0027,2623,1,""
a1c1s1.mps.gz,3648,3312,10178,1,0.0209,997.53,1,0.0025,0.0009,3648,3312,10178,0.0205,997.53,1,""
A-1.mps.gz,18598,1015,214740,1,0.0591,3.10002e+06,1,0.0159,0.0029,18598,1015,214740,0.0579,3.10002e+06,1,""
a20200.mps.gz,4000,220,8000,1,0.0048,2337.33,1,0.0017,0.0006,4000,220,8000,0.0046,2337.33,1,""
A-2.mps.gz,35105,1110,494516,1,0.1931,5.60004e+06,1,0.0371,0.0049,35105,1110,494516,0.1955,5.60004e+06,1,""
acc-tight5.mps.gz,1339,3052,16134,1,0.4576,0,1,0.0024,0.0034,1335,3051,16106,0.4297,0,1,""
aflow30a.mps.gz,842,479,2091,1,0.0073,983.167,1,0.0004,0.0001,842,479,2091,0.0070,983.167,1,""
aflow40b.mps.gz,2728,1442,6783,1,0.0413,1005.66,1,0.0013,0.0005,2728,1442,6783,0.0407,1005.66,1,""
air03.mps.gz,10757,124,91028,1,0.0705,338864,1,0.0107,0.0015,10757,124,91028,0.0704,338864,1,""
air04.mps.gz,8904,823,72965,1,0.2586,55535.4,1,0.0078,0.0012,8904,823,72965,0.2599,55535.4,1,""
air05.mps.gz,7195,426,52121,1,0.0893,25877.6,1,0.0051,0.0011,7195,426,52121,0.0884,25877.6,1,""
app1-2.mps.gz,26871,53467,199175,1,11.0400,-264.602,1,0.0333,0.0094,26871,53467,199175,10.9478,-264.602,1,""
ash608gpia-3col.mps.gz,3651,24748,74244,1,3.1967,2,1,0.0114,0.0033,3651,24748,74244,3.1082,2,1,""
atlanta-ip.mps.gz,48738,21732,257532,1,9.7128,81.2432,1,0.0441,0.0596,48504,21515,252372,8.6445,81.2432,1,""
bab5.mps.gz,21600,4964,155520,1,1.1031,-124658,1,0.0179,0.0035,21600,4964,155520,1.0987,-124658,1,""
beasleyC3.mps.gz,2500,1750,5000,1,0.0079,40.4268,1,0.0017,0.0005,2500,1750,5000,0.0066,40.4268,1,""
bell3a.mps.gz,133,123,347,1,0.0010,862579,1,0.0001,0.0000,133,123,347,0.0007,862579,1,""
bell5.mps.gz,104,91,266,1,0.0009,8.60842e+06,1,0.0001,0.0000,104,91,266,0.0007,8.60842e+06,1,""
biella1.mps.gz,7328,1203,71489,1,1.4306,3.06004e+06,1,0.0064,0.0012,7328,1203,71489,1.4292,3.06004e+06,1,""
bienst2.mps.gz,505,576,2184,1,0.0048,11.7241,1,0.0004,0.0001,505,576,2184,0.0045,11.7241,1,""
binkar10_1.mps.gz,2298,1026,4496,1,0.0152,6637.19,1,0.0015,0.0004,2298,1026,4496,0.0141,6637.19,1,""
bl15_t.mps.gz,67584,6464,190464,1,0.9408,32220,1,0.2275,0.0597,61068,6464,170916,0.6088,33297,1,""
blend2.mps.gz,353,274,1409,1,0.0010,6.91568,1,0.0003,0.0004,344,186,1321,0.0018,6.91568,1,""
bley_xl1.mps.gz,5831,175620,869391,1,10.6008,154.39,1,0.1173,0.1498,5817,175502,869245,10.5352,154.39,1,""
bnatt350.mps.gz,3150,4923,19061,1,0.0464,0,1,0.0043,0.0040,1773,3546,14930,0.1120,0,1,""
br1.mps.gz,1344,3243,12904,1,0.0893,54.9,1,0.0026,0.0026,1104,2424,9284,0.0875,54.9,1,""
br2.mps.gz,4284,9248,42584,1,1.7303,64.8,1,0.0096,0.0078,3616,7048,30874,1.7179,64.8,1,""
br3.mps.gz,6368,12056,61408,1,2.2636,102.6,1,0.0178,0.0079,4532,5901,28408,2.2371,102.6,1,""
br4.mps.gz,13386,19440,150201,1,1.5869,625,1,0.0327,0.0217,10981,15919,116832,1.5797,625,1,""
br5.mps.gz,19468,28981,221123,1,9.5216,380.9,1,0.0682,0.0266,12368,19977,128623,16.0128,380.9,1,""
bs24_t.mps.gz,112640,10560,317440,1,4.9353,47988.7,1,0.2288,0.1059,107664,10560,302512,4.4098,48674,1,""
c05100.mps.gz,500,105,1000,1,0.0015,1923.98,1,0.0003,0.0001,500,105,1000,0.0016,1923.98,1,""
c10100.mps.gz,1000,110,2000,1,0.0021,1387.01,1,0.0004,0.0001,1000,110,2000,0.0018,1387.01,1,""
c10400.mps.gz,4000,410,8000,1,0.0102,5591.1,1,0.0018,0.0007,4000,410,8000,0.0091,5591.1,1,""
c201600.mps.gz,32000,1620,64000,1,0.0945,18798.6,1,0.0176,0.0045,32000,1620,64000,0.0935,18798.6,1,""
c20400.mps.gz,8000,420,16000,1,0.0160,4774.15,1,0.0039,0.0012,8000,420,16000,0.0156,4774.15,1,""
c60900.mps.gz,54000,960,108000,1,0.3701,9315.04,1,0.0274,0.0073,54000,960,108000,0.3678,9315.04,1,""
cap6000.mps.gz,6000,2176,48243,1,0.0172,-2.45154e+06,1,0.0044,0.0011,6000,2176,48243,0.0165,-2.45154e+06,1,""
cargo_07.mps.gz,6477,14904,42310,1,0.3583,0,1,0.0076,0.0030,6477,14904,42310,0.3537,0,1,""
comp01_2idx.mps.gz,2674,3288,13852,1,0.0670,4,1,0.0029,0.0052,2669,3283,13842,0.0788,4,1,""
comp03_2idx.mps.gz,8435,10688,44851,1,0.3785,0,1,0.0102,0.0186,8411,10664,44803,0.3792,0,1,""
comp04_2idx.mps.gz,10713,11883,49365,1,0.1553,0,1,0.0126,0.0217,10676,11846,49291,0.1739,0,1,""
comp05_2idx.mps.gz,10706,13253,61141,1,0.5433,0,1,0.0129,0.0229,10636,13179,60997,0.5471,0,1,""
comp06_2idx.mps.gz,14927,18089,74081,1,1.2274,6,1,0.0175,0.0319,14875,18037,73977,0.9623,6,1,""
comp07_2idx.mps.gz,17264,21235,86577,1,2.2301,0,1,0.0216,0.0378,17218,21189,86485,1.8612,0,1,""
comp08_2idx.mps.gz,11554,12536,51608,1,0.2746,0,1,0.0121,0.0226,11519,12501,51538,0.2347,0,1,""
comp10_2idx.mps.gz,12505,15910,64916,1,0.8003,0,1,0.0151,0.0260,12440,15845,64786,0.6874,0,1,""
comp11_2idx.mps.gz,4371,5543,23922,1,0.0621,0,1,0.0053,0.0091,4368,5540,23916,0.0647,0,1,""
comp13_2idx.mps.gz,12104,13191,54574,1,0.2963,0,1,0.0127,0.0242,12060,13147,54486,0.2602,0,1,""
comp14_2idx.mps.gz,10223,13137,53786,1,0.4994,0,1,0.0124,0.0217,10188,13102,53716,0.4446,0,1,""
comp16_2idx.mps.gz,14860,17925,73471,1,0.7675,4,1,0.0171,0.0314,14757,17756,72940,0.6544,4,1,""
comp18_2idx.mps.gz,5723,6962,29805,1,0.0911,0,1,0.0068,0.0117,5678,6910,29715,0.0901,0,1,""
core2536-691.mps.gz,15293,2539,177739,1,5.5386,688.476,1,0.0176,0.0165,15289,2530,177683,5.0264,688.476,1,""
cov1075.mps.gz,120,637,14280,1,0.0346,17.1429,1,0.0006,0.0001,120,637,14280,0.0339,17.1429,1,""
csched010.mps.gz,1758,351,6376,1,0.1142,332.423,1,0.0009,0.0003,1758,351,6376,0.1144,332.423,1,""
d05100.mps.gz,500,105,1000,1,0.0022,6345.41,1,0.0003,0.0001,500,105,1000,0.0020,6345.41,1,""
d10100.mps.gz,1000,110,2000,1,0.0038,6323.46,1,0.0004,0.0001,1000,110,2000,0.0051,6323.46,1,""
d20200.mps.gz,4000,220,8000,1,0.0174,12217.7,1,0.0017,0.0006,4000,220,8000,0.0159,12217.7,1,""
d801600.mps.gz,128000,1680,256000,1,1.3935,97034,1,0.0713,0.0165,128000,1680,256000,1.3849,97034,1,""
dano3mip.mps.gz,13873,3202,79655,1,7.3192,576.232,1,0.0089,0.0023,13873,3202,79655,7.3720,576.232,1,""
danoint.mps.gz,521,664,3232,1,0.0320,62.6373,1,0.0004,0.0001,521,664,3232,0.0316,62.6373,1,""
dcmst_v20a50d4.mps.gz,2247,4105,11091,1,0.0605,288.053,1,0.0024,0.0009,2247,4105,11091,0.0603,288.053,1,""
dcmulti.mps.gz,548,290,1315,1,0.0057,183976,1,0.0005,0.0001,548,290,1315,0.0065,183976,1,""
dfn-gwin-UUM.mps.gz,938,158,2632,1,0.0061,27467.3,1,0.0005,0.0002,938,158,2632,0.0059,27467.3,1,""
disctom.mps.gz,10000,399,30000,1,0.4128,-5000,1,0.0074,0.0089,9992,394,29973,0.3787,-5000,1,""
draw-gemcutter.mps.gz,150,184,580,1,0.0008,1340,1,0.0002,0.0000,150,184,580,0.0006,1340,1,""
draw-product.mps.gz,1736,2138,6820,1,0.0080,4217,1,0.0013,0.0004,1736,2138,6820,0.0077,4217,1,""
dsbmip.mps.gz,1886,1182,7366,1,0.0613,-305.198,1,0.0011,0.0004,1886,1182,7366,0.0594,-305.198,1,""
ds.mps.gz,67732,656,1024059,1,14.6420,57.2346,1,0.1104,0.0109,67732,656,1024059,14.6292,57.2346,1,""
e10400.mps.gz,4000,410,8000,1,0.0292,45739.2,1,0.0019,0.0006,4000,410,8000,0.0284,45739.2,1,""
e20100.mps.gz,2000,120,4000,1,0.0144,8359.58,1,0.0008,0.0003,2000,120,4000,0.0108,8359.58,1,""
e201600.mps.gz,32000,1620,64000,1,0.5327,180640,1,0.0175,0.0045,32000,1620,64000,0.5224,180640,1,""
e20200.mps.gz,4000,220,8000,1,0.0310,22355.9,1,0.0017,0.0006,4000,220,8000,0.0304,22355.9,1,""
e401600.mps.gz,64000,1640,128000,1,1.4220,178283,1,0.0354,0.0087,64000,1640,128000,1.4719,178283,1,""
e40400.mps.gz,16000,440,32000,1,0.1829,44523.4,1,0.0078,0.0022,16000,440,32000,0.1825,44523.4,1,""
egout.mps.gz,141,98,282,1,0.0007,149.589,1,0.0001,0.0000,141,98,282,0.0005,149.589,1,""
eil33-2.mps.gz,4516,32,44243,1,0.0340,811.279,1,0.0048,0.0007,4516,32,44243,0.0331,811.279,1,""
eilA101.2.mps.gz,65832,100,959373,1,2.1303,803.374,1,0.1890,0.0105,65832,100,959373,2.1291,803.374,1,""
eilA76.mps.gz,1422,75,10967,1,0.0178,828.708,1,0.0011,0.0002,1422,75,10967,0.0158,828.708,1,""
eilB101.2.mps.gz,53444,100,577946,1,1.3219,1066.59,1,0.1338,0.0078,53444,100,577946,1.3288,1066.59,1,""
eilB101.mps.gz,2818,100,24120,1,0.0478,1075.25,1,0.0026,0.0004,2818,100,24120,0.0475,1075.25,1,""
eilB76.mps.gz,1060,75,6296,1,0.0121,1021.19,1,0.0007,0.0002,1060,75,6296,0.0100,1021.19,1,""
eilC76.2.mps.gz,28599,75,314837,1,0.4671,725.754,1,0.0456,0.0041,28599,75,314837,0.4705,725.754,1,""
eilC76.mps.gz,1644,75,14673,1,0.0230,732.015,1,0.0013,0.0003,1644,75,14673,0.0205,732.015,1,""
eilD76.2.mps.gz,30588,75,381749,1,0.5608,672.547,1,0.0666,0.0047,30588,75,381749,0.5532,672.547,1,""
eilD76.mps.gz,1898,75,19111,1,0.0234,680.539,1,0.0017,0.0003,1898,75,19111,0.0227,680.539,1,""
enigma.mps.gz,100,21,289,1,0.0007,0,1,0.0001,0.0000,100,21,289,0.0004,0,1,""
enlight13.mps.gz,338,169,962,1,0.0005,0,1,0.0003,0.0001,338,169,962,0.0003,0,1,""
enlight14.mps.gz,392,196,1120,1,0.0005,0,1,0.0003,0.0001,392,196,1120,0.0004,0,1,""
ensemble1.mps.gz,11212,14001,61612,1,0.2425,-2677.01,1,0.0132,0.0032,11212,14001,61612,0.2445,-2677.01,1,""
ex9.mps.gz,10404,40962,517112,1,74.8341,81,1,0.0668,0.0475,8560,38334,445344,72.3997,81,1,""
fast0507.mps.gz,63009,507,409349,1,0.7746,172.146,1,0.0558,0.0589,63003,497,409325,0.7516,172.146,1,""
fiber.mps.gz,1298,363,2944,1,0.0037,156083,1,0.0010,0.0013,1284,348,2899,0.0035,156083,1,""
fixnet6.mps.gz,878,478,1756,1,0.0022,1200.88,1,0.0005,0.0001,878,478,1756,0.0019,1200.88,1,""
flugpl.mps.gz,18,18,46,1,0.0005,1.16719e+06,1,0.0001,0.0000,18,18,46,0.0002,1.16719e+06,1,""
gen.mps.gz,870,780,2592,1,0.0052,112130,1,0.0007,0.0011,835,779,2305,0.0037,112228,1,""
gesa2.mps.gz,1224,1392,5064,1,0.0091,2.54765e+07,1,0.0009,0.0002,1224,1392,5064,0.0087,2.54765e+07,1,""
gesa2-o.mps.gz,1224,1248,3672,1,0.0086,2.54765e+07,1,0.0008,0.0002,1224,1248,3672,0.0068,2.54765e+07,1,""
gesa3.mps.gz,1152,1368,4944,1,0.0127,2.78336e+07,1,0.0008,0.0002,1152,1368,4944,0.0098,2.78336e+07,1,""
gesa3_o.mps.gz,1152,1224,3624,1,0.0086,2.78336e+07,1,0.0008,0.0002,1152,1224,3624,0.0083,2.78336e+07,1,""
glass4.mps.gz,322,396,1815,1,0.0013,8.00002e+08,1,0.0003,0.0001,322,396,1815,0.0011,8.00002e+08,1,""
gmu-35-40.mps.gz,1205,424,4843,1,0.0167,-2.40694e+06,1,0.0006,0.0002,1205,424,4843,0.0136,-2.40694e+06,1,""
gt2.mps.gz,188,29,376,1,0.0008,13460.2,1,0.0001,0.0000,188,29,376,0.0005,13460.2,1,""
harp2.mps.gz,2993,112,5840,1,0.0080,-7.43533e+07,1,0.0266,0.0012,1373,100,2598,0.0042,-7.43252e+07,1,""
ibarra.mps.gz,279,347,2549,1,0.0020,390.612,1,0.0003,0.0001,279,347,2549,0.0017,390.612,1,""
iis-100-0-cov.mps.gz,100,3831,22986,1,0.0997,16.6667,1,0.0018,0.0005,100,3831,22986,0.0987,16.6667,1,""
iis-bupa-cov.mps.gz,345,4803,38392,1,0.2786,26.4972,1,0.0027,0.0006,345,4803,38392,0.2764,26.4972,1,""
iis-pima-cov.mps.gz,768,7201,71941,1,0.3217,26.6204,1,0.0046,0.0010,768,7201,71941,0.3220,26.6204,1,""
irp.mps.gz,20315,39,98254,1,0.0620,12123.5,1,0.0160,0.0025,20315,39,98254,0.0607,12123.5,1,""
keller4cpart.mps.gz,9606,327198,663660,1,21.0959,7.33333,1,0.1497,0.2951,9601,326462,662194,2.5191,7.33333,1,""
khb05250.mps.gz,1350,101,2700,1,0.0027,9.59195e+07,1,0.0007,0.0002,1350,101,2700,0.0025,9.59195e+07,1,""
l152lav.mps.gz,1989,97,9922,1,0.0151,4656.36,1,0.0011,0.0003,1989,97,9922,0.0139,4656.36,1,""
layer2.mps.gz,114,188,759,1,0.0013,-2.2581e+07,1,0.0001,0.0000,114,188,759,0.0010,-2.2581e+07,1,""
layer3.mps.gz,695,1286,6510,1,0.0206,-3.72454e+09,1,0.0007,0.0002,695,1286,6510,0.0189,-3.72454e+09,1,""
layer4.mps.gz,695,1350,7179,1,0.0357,-3.45567e+09,1,0.0008,0.0002,695,1350,7179,0.0350,-3.45567e+09,1,""
layer.mps.gz,111,109,381,1,0.0010,-2.2581e+07,1,0.0001,0.0000,111,109,381,0.0008,-2.2581e+07,1,""
lectsched-4-obj.mps.gz,7901,14163,82428,1,0.0611,0,1,0.0110,0.0165,7446,13708,81063,0.0593,0,1,""
liu.mps.gz,1156,2178,10626,1,0.0111,346,1,0.0011,0.0003,1156,2178,10626,0.0108,346,1,""
long_hidden01.mps.gz,63205,28370,1065275,1,28.5489,140,1,0.1318,0.0900,63155,28320,1065225,28.2422,140,1,""
lseu.mps.gz,89,28,309,1,0.0007,834.682,1,0.0001,0.0000,89,28,309,0.0005,834.682,1,""
m100n500k4r1.mps.gz,500,100,2000,1,0.0151,-25,1,0.0002,0.0001,500,100,2000,0.0114,-25,1,""
macrophage.mps.gz,2260,3164,9492,1,0.0131,0,1,0.0019,0.0007,2260,3164,9492,0.0126,0,1,""
manna81.mps.gz,3321,6480,12960,1,0.0442,-13297,1,0.0030,0.0013,3321,6480,12960,0.0424,-13297,1,""
map18.mps.gz,164547,328818,549920,1,17.4754,-932.783,1,0.2463,0.4372,164530,328801,531503,20.9017,-932.783,1,""
map20.mps.gz,164547,328818,549920,1,16.0937,-998.836,1,0.2442,0.4450,164530,328801,531503,16.0382,-998.836,1,""
markshare1.mps.gz,62,6,312,1,0.0006,0,1,0.0001,0.0000,62,6,312,0.0003,0,1,""
markshare2.mps.gz,74,7,434,1,0.0006,0,1,0.0001,0.0000,74,7,434,0.0004,0,1,""
mas74.mps.gz,151,13,1706,1,0.0014,10482.8,1,0.0001,0.0000,151,13,1706,0.0011,10482.8,1,""
mas76.mps.gz,151,12,1640,1,0.0012,38893.9,1,0.0001,0.0000,151,12,1640,0.0009,38893.9,1,""
mcsched.mps.gz,1747,2107,8088,1,0.3312,193775,1,0.0018,0.0028,1683,2037,7766,0.3293,193775,1,""
medium_hidden05.mps.gz,37415,16070,635725,1,8.0283,56,1,0.0805,0.0550,37385,16040,635695,7.8784,56,1,""
mik-250-1-100-1.mps.gz,251,151,5351,1,0.0021,-79842.4,1,0.0002,0.0001,251,151,5351,0.0019,-79842.4,1,""
mine-166-5.mps.gz,830,8429,19412,1,0.1167,-8.21764e+08,1,0.0034,0.0011,830,8429,19412,0.1160,-8.21764e+08,1,""
mine-90-10.mps.gz,900,6270,15407,1,0.1350,-8.87165e+08,1,0.0026,0.0009,900,6270,15407,0.1345,-8.87165e+08,1,""
misc03.mps.gz,160,96,2053,1,0.0017,1910,1,0.0001,0.0000,160,96,2053,0.0014,1910,1,""
misc06.mps.gz,1808,820,5859,1,0.0146,12841.7,1,0.0010,0.0003,1808,820,5859,0.0143,12841.7,1,""
misc07.mps.gz,260,212,8619,1,0.0049,1415,1,0.0004,0.0001,260,212,8619,0.0047,1415,1,""
mitre.mps.gz,10724,2054,39704,1,0.0804,114741,1,0.0064,0.0017,10724,2054,39704,0.0803,114741,1,""
mkc.mps.gz,5325,3411,17038,1,0.0217,-611.85,1,0.0058,0.0063,5258,3212,16575,0.0230,-611.85,1,""
mod008.mps.gz,319,6,1243,1,0.0008,290.931,1,0.0002,0.0000,319,6,1243,0.0006,290.931,1,""
mod010.mps.gz,2655,146,11203,1,0.0266,6532.08,1,0.0017,0.0003,2655,146,11203,0.0260,6532.08,1,""
mod011.mps.gz,10958,4480,22254,1,0.0526,-6.2122e+07,1,0.0070,0.0019,10958,4480,22254,0.0519,-6.2122e+07,1,""
modglob.mps.gz,422,291,968,1,0.0032,2.04309e+07,1,0.0003,0.0001,422,291,968,0.0033,2.04309e+07,1,""
msc98-ip.mps.gz,21143,15850,92918,1,17.9029,1.9521e+07,1,0.0206,0.0304,21040,15767,92579,17.5575,1.9521e+07,1,""
mzzv11.mps.gz,10240,9499,134603,0,0.0000,1.79769e+308,0,0.0000,0.0000,0,0,0,0.0000,1.79769e+308,0,"user's terminal is disconnected."
mzzv42z.mps.gz,11717,10460,151261,1,1.3250,-21623,1,0.0129,0.0032,11717,10460,151261,1.2696,-21623,1,""
n030w4-0.mps.gz,6856,4829,57581,1,0.9535,610,1,0.0084,0.0091,6819,4727,57195,0.9263,610,1,""
n030w4-1.mps.gz,6924,4811,56833,1,0.8384,335,1,0.0084,0.0091,6887,4724,56485,0.8355,335,1,""
n030w4-2.mps.gz,7000,4816,56888,1,0.6432,926.667,1,0.0085,0.0093,6956,4727,56484,0.6373,926.667,1,""
n030w4-3.mps.gz,6786,4702,56166,1,0.9102,797.5,1,0.0081,0.0090,6760,4666,55958,0.8813,797.5,1,""
n050w4-0.mps.gz,11190,7652,93792,1,1.8640,670,1,0.0139,0.0155,11150,7526,93370,1.3313,670,1,""
n050w4-1.mps.gz,11299,7616,92654,1,1.9763,350.833,1,0.0138,0.0152,11265,7504,92328,1.9378,350.833,1,""
n050w4-3.mps.gz,11058,7450,91562,1,1.8365,422.738,1,0.0136,0.0152,11029,7412,91332,1.8129,422.738,1,""
n080w8-1.mps.gz,17248,12099,140677,1,4.3323,1008.75,1,0.0239,0.0250,17198,11935,140215,4.3455,1008.75,1,""
n080w8-7.mps.gz,16864,11834,139226,1,3.7529,2219.49,1,0.0226,0.0242,16822,11780,138904,3.6327,2219.49,1,""
n3div36.mps.gz,22120,4484,340740,1,0.1354,114333,1,0.0251,0.0080,22120,4484,340740,0.1338,114333,1,""
n3seq24.mps.gz,119856,6044,3232340,1,5.9299,52000,1,0.2637,0.0315,119856,6044,3232340,5.9971,52000,1,""
n4-3.mps.gz,3596,1236,14036,1,0.0269,4080.88,1,0.0024,0.0007,3596,1236,14036,0.0255,4080.88,1,""
neos-1096528.mps.gz,1520,550339,2171928,1,1.3849,278,1,0.2746,0.0650,1520,550339,2171928,1.3914,278,1,""
neos10.mps.gz,23489,46793,251197,1,1.0426,-1246.16,1,0.0425,0.0556,23349,46653,250861,0.5577,-1246.16,1,""
neos-1109824.mps.gz,1520,28979,89528,1,0.0375,278,1,0.0116,0.0035,1520,28979,89528,0.0366,278,1,""
neos-1120495.mps.gz,1140,21739,67146,1,0.0266,250,1,0.0090,0.0026,1140,21739,67146,0.0263,250,1,""
neos-1215891.mps.gz,5035,6068,44590,1,0.2139,-1256.94,1,0.0049,0.0015,5035,6068,44590,0.2119,-1256.94,1,""
neos-1223462.mps.gz,5495,5890,47040,1,0.2164,-751,0,0.0060,0.0000,0,0,0,0.0000,1.79769e+308,0,""
neos-1224597.mps.gz,3395,3276,25090,1,0.0780,-428,1,0.0027,0.0009,3395,3276,25090,0.0771,-428,1,""
neos-1281048.mps.gz,739,522,8808,1,0.0544,450,1,0.0006,0.0001,739,522,8808,0.0516,450,1,""
neos-1330346.mps.gz,2664,4248,13032,1,0.0370,4.5,1,0.0024,0.0009,2664,4248,13032,0.0363,4.5,1,""
neos-1337307.mps.gz,2840,5687,30799,1,0.3853,-203124,1,0.0036,0.0011,2840,5687,30799,0.3844,-203124,1,""
neos-1354092.mps.gz,13702,3135,187187,1,20.2140,13.2857,1,0.0207,0.0026,13702,3135,187187,20.1766,13.2857,1,""
neos-1396125.mps.gz,1161,1494,5511,1,0.0852,388.552,1,0.0009,0.0003,1161,1494,5511,0.0844,388.552,1,""
neos13.mps.gz,1827,20852,253842,1,0.3000,-126.178,1,0.0132,0.0035,1827,20852,253842,0.2978,-126.178,1,""
neos-1437164.mps.gz,2256,187,9016,1,0.0064,7.62971,1,0.0013,0.0003,2256,187,9016,0.0047,7.62971,1,""
neos-1440225.mps.gz,1285,330,14168,1,0.0601,36,1,0.0013,0.0002,1285,330,14168,0.0576,36,1,""
neos-1441553.mps.gz,960,316,11138,1,0.0100,7.6348,1,0.0006,0.0001,960,316,11138,0.0098,7.6348,1,""
neos-1516309.mps.gz,4500,489,30400,1,0.0097,33432.3,1,0.0028,0.0008,4500,489,30400,0.0094,33432.3,1,""
neos-1595230.mps.gz,490,1750,3885,1,0.0098,2.69231,1,0.0007,0.0002,490,1750,3885,0.0095,2.69231,1,""
neos-1597104.mps.gz,714,109833,331373,1,4.7740,-30,1,0.0437,0.0126,714,109833,331373,4.6549,-30,1,""
neos-1599274.mps.gz,4500,1237,46800,1,0.0132,31235.7,1,0.0033,0.0008,4500,1237,46800,0.0127,31235.7,1,""
neos-1601936.mps.gz,4446,3131,72500,1,1.4375,1,1,0.0044,0.0011,4446,3131,72500,1.4330,1,1,""
neos-1620770.mps.gz,792,9296,19292,1,0.0227,1,1,0.0033,0.0012,792,9296,19292,0.0218,1,1,""
neos-1620807.mps.gz,231,1340,2860,1,0.0032,1,1,0.0006,0.0001,231,1340,2860,0.0029,1,1,""
neos-1622252.mps.gz,828,9695,20125,1,0.0237,1,1,0.0035,0.0013,828,9695,20125,0.0235,1,1,""
neos16.mps.gz,377,1018,2801,1,0.0118,429,1,0.0005,0.0001,377,1018,2801,0.0081,429,1,""
neos18.mps.gz,3312,11402,24614,1,0.0510,7,1,0.0068,0.0055,964,6336,14535,0.0480,7,1,""
neos1.mps.gz,2112,5020,21312,1,0.0221,5.6,1,0.0028,0.0009,2112,5020,21312,0.0215,5.6,1,""
neos-476283.mps.gz,11915,10015,3945693,1,116.4272,406.245,1,0.1750,0.0156,11915,10015,3945693,117.0642,406.245,1,""
neos-506428.mps.gz,42981,129925,343466,1,0.2874,145945,1,0.0792,0.0211,42981,129925,343466,0.2805,145945,1,""
neos-538867.mps.gz,792,1170,3888,1,0.0057,32,1,0.0007,0.0002,792,1170,3888,0.0037,32,1,""
neos-538916.mps.gz,864,1314,4272,1,0.0050,42,1,0.0007,0.0002,864,1314,4272,0.0048,42,1,""
neos-544324.mps.gz,10080,732,1757280,1,1.8689,13.8628,1,0.0828,0.0079,10080,732,1757280,1.8397,13.8628,1,""
neos-547911.mps.gz,3528,693,615048,1,0.2757,12.486,1,0.0286,0.0030,3528,693,615048,0.2714,12.486,1,""
neos-555884.mps.gz,3815,4331,19067,1,0.0853,1.02612e+06,1,0.0032,0.0011,3815,4331,19067,0.0834,1.02612e+06,1,""
neos-555927.mps.gz,1945,1403,7965,1,0.0173,608346,1,0.0013,0.0003,1945,1403,7965,0.0169,608346,1,""
neos-565815.mps.gz,1276,15413,124071,1,0.9476,10.5385,1,0.0087,0.0024,1276,15413,124071,0.9499,10.5385,1,""
neos-611135.mps.gz,6400,5277,769300,1,0.4489,11580,1,0.0365,0.0043,6400,5277,769300,0.5123,11580,1,""
neos-631694.mps.gz,3725,3996,18523,1,0.0481,46.25,1,0.0030,0.0010,3725,3996,18523,0.0474,46.25,1,""
neos-631709.mps.gz,45150,46496,225148,1,17.7279,97.5,1,0.0453,0.0120,45150,46496,225148,17.4909,97.5,1,""
neos-631710.mps.gz,167056,169576,834166,1,70.0366,188.25,1,0.1752,0.0416,167056,169576,834166,67.5178,188.25,1,""
neos-631784.mps.gz,22725,23996,113023,1,3.0724,46.25,1,0.0232,0.0062,22725,23996,113023,2.9886,46.25,1,""
neos-632335.mps.gz,12719,24864,73025,1,0.3706,4.6512e+09,1,0.0183,0.0046,12719,24864,73025,0.3679,4.6512e+09,1,""
neos-633273.mps.gz,11154,21781,63910,1,0.2649,4.67855e+09,1,0.0158,0.0041,11154,21781,63910,0.2637,4.67855e+09,1,""
neos-641591.mps.gz,18235,1085,200055,1,0.7695,184341,1,0.0160,0.0028,18235,1085,200055,0.7635,184341,1,""
neos-655508.mps.gz,13572,13573,40484,1,1.1924,6.3015e+07,1,0.0108,0.0035,13572,13573,40484,1.1943,6.3015e+07,1,""
neos-662469.mps.gz,18235,1085,200055,1,0.7665,184341,1,0.0166,0.0028,18235,1085,200055,0.7569,184341,1,""
neos-686190.mps.gz,3660,3664,18085,1,0.0230,5134.81,1,0.0028,0.0010,3660,3664,18085,0.0224,5134.81,1,""
neos-709469.mps.gz,224,469,4432,1,0.0047,493.16,1,0.0003,0.0001,224,469,4432,0.0045,493.16,1,""
neos-777800.mps.gz,6400,479,32000,1,0.2796,-80,1,0.0042,0.0010,6400,479,32000,0.2792,-80,1,""
neos-780889.mps.gz,182700,73910,497210,1,11.2181,3.4215e+06,1,0.1392,0.0321,182700,73910,497210,11.2031,3.4215e+06,1,""
neos-785899.mps.gz,1320,1653,17180,1,0.0204,97,1,0.0014,0.0004,1320,1653,17180,0.0197,97,1,""
neos-785914.mps.gz,1260,1590,15290,1,0.0515,38,1,0.0012,0.0004,1260,1590,15290,0.0494,38,1,""
neos-791021.mps.gz,9448,3694,29708,1,0.0942,10.6667,1,0.0073,0.0017,9448,3694,29708,0.0923,10.6667,1,""
neos-799838.mps.gz,20844,5976,57888,1,1.0106,1.044e+06,1,0.0137,0.0030,20844,5976,57888,1.0454,1.044e+06,1,""
neos-801834.mps.gz,3220,3300,55200,1,0.0568,47993.3,1,0.0037,0.0010,3220,3300,55200,0.0557,47993.3,1,""
neos-808214.mps.gz,1308,640,22530,1,0.0398,0,1,0.0013,0.0002,1308,640,22530,0.0392,0,1,""
neos-810286.mps.gz,2915,2675,69952,1,0.7562,2877,1,0.0036,0.0009,2915,2675,69952,0.7052,2877,1,""
neos-820879.mps.gz,9522,361,72356,1,0.1019,24874.3,1,0.0076,0.0014,9522,361,72356,0.1011,24874.3,1,""
neos-825075.mps.gz,800,328,5480,1,0.0151,-292,1,0.0005,0.0001,800,328,5480,0.0115,-292,1,""
neos-849702.mps.gz,1737,1041,19308,1,0.1487,0,1,0.0014,0.0004,1737,1041,19308,0.1478,0,1,""
neos-859770.mps.gz,2504,2065,880736,1,0.2068,4500,1,0.0378,0.0044,2504,2065,880736,0.2060,4500,1,""
neos-860244.mps.gz,3105,675,413305,1,0.0706,3000,1,0.0174,0.0018,3105,675,413305,0.0684,3000,1,""
neos8.mps.gz,23228,46324,313180,1,0.4643,-3773.51,1,0.0468,0.0575,23116,46212,312900,0.3732,-3773.51,1,""
neos-905856.mps.gz,686,403,6601,1,0.0276,-8,1,0.0005,0.0001,686,403,6601,0.0267,-8,1,""
neos-912015.mps.gz,686,617,14742,1,0.0258,-14,1,0.0008,0.0001,686,617,14742,0.0237,-14,1,""
neos-912023.mps.gz,686,623,14728,1,0.0431,-17,1,0.0008,0.0001,686,623,14728,0.0423,-17,1,""
neos-916792.mps.gz,1474,1909,134442,1,0.0876,26.2036,1,0.0091,0.0008,1474,1909,134442,0.0864,26.2036,1,""
neos-931538.mps.gz,7920,5964,33480,1,1.9680,985,1,0.0059,0.0018,7920,5964,33480,1.9658,985,1,""
neos-934278.mps.gz,23123,11495,125577,1,13.0144,259.5,1,0.0178,0.0047,23123,11495,125577,13.1852,259.5,1,""
neos-934531.mps.gz,1082,47078,136119,1,1.1190,2.00007,1,0.0193,0.0057,1082,47078,136119,1.0905,2.00007,1,""
neos-941313.mps.gz,167910,13189,484080,1,61.5269,9361,1,0.0979,0.0235,167910,13189,484080,62.4195,9361,1,""
neos-948268.mps.gz,7550,4773,26410,1,0.4032,60,1,0.0057,0.0016,7550,4773,26410,0.4011,60,1,""
neos-948346.mps.gz,57855,1570,540443,1,12.0051,-229.95,1,0.0505,0.0083,57855,1570,540443,12.0676,-229.95,1,""
neos-950242.mps.gz,5760,34224,104160,1,0.2684,1,1,0.0157,0.0043,5760,34224,104160,0.2649,1,1,""
neos-953928.mps.gz,23305,12498,169861,1,1.0449,-99.92,1,0.0204,0.0050,23305,12498,169861,1.0465,-99.92,1,""
neos-954925.mps.gz,84718,2989,844983,1,10.8249,-237.824,1,0.0794,0.0128,84718,2989,844983,10.8581,-237.824,1,""
neos-956971.mps.gz,57756,2527,483560,1,5.4034,-237.804,1,0.0475,0.0084,57756,2527,483560,5.3153,-237.804,1,""
neos-957143.mps.gz,57756,2767,497676,1,4.1150,-237.77,1,0.0438,0.0087,57756,2767,497676,4.0689,-237.77,1,""
neos-957270.mps.gz,5929,3282,417968,1,0.1004,0.5,1,0.0192,0.0024,5929,3282,417968,0.0987,0.5,1,""
neos-957323.mps.gz,57756,3757,499656,1,4.8633,-237.758,1,0.0491,0.0086,57756,3757,499656,4.8857,-237.758,1,""
neos-957389.mps.gz,6036,5115,355372,1,0.1012,1.5,1,0.0147,0.0024,6036,5115,355372,0.1017,1.5,1,""
neos-960392.mps.gz,59376,4744,189503,1,2.4826,-238,1,0.0339,0.0083,59376,4744,189503,2.4985,-238,1,""
net12.mps.gz,14115,14021,80384,1,0.4647,17.2495,1,0.0117,0.0037,14115,14021,80384,0.4637,17.2495,1,""
netdiversion.mps.gz,129180,119589,615282,1,321.7778,230.8,1,0.1189,0.0264,129180,119589,615282,321.4650,230.8,1,""
newdano.mps.gz,505,576,2184,1,0.0048,11.7241,1,0.0003,0.0001,505,576,2184,0.0045,11.7241,1,""
noswot.mps.gz,128,182,735,1,0.0012,-43,1,0.0001,0.0000,128,182,735,0.0009,-43,1,""
nrperfan.mps.gz,2219,1910,6976,1,0.0505,159.301,1,0.0014,0.0005,2219,1910,6976,0.0497,159.301,1,""
ns1208400.mps.gz,2883,4289,81746,1,0.7560,0,1,0.0048,0.0010,2883,4289,81746,0.7595,0,1,""
ns1688347.mps.gz,2685,4191,66908,1,0.0398,2,1,0.0041,0.0009,2685,4191,66908,0.0387,2,1,""
ns1758913.mps.gz,17956,624166,1283444,1,55.9555,-1501.18,1,0.2335,0.0700,17956,624166,1283444,56.3163,-1501.18,1,""
ns1766074.mps.gz,100,182,666,1,0.0009,5833.8,1,0.0001,0.0000,100,182,666,0.0006,5833.8,1,""
ns1830653.mps.gz,1629,2932,100933,1,0.1873,6153,1,0.0095,0.0024,737,2005,38494,0.1178,6583,1,""
nsrand-ipx.mps.gz,6621,735,223261,1,0.0874,48880,1,0.0096,0.0015,6621,735,223261,0.0871,48880,1,""
nug08.mps.gz,1632,912,7296,1,0.5658,203.5,1,0.0012,0.0002,1632,912,7296,0.5578,203.5,1,""
nw04.mps.gz,87482,36,636666,1,0.4830,16310.7,1,0.1043,0.0117,87482,36,636666,0.4810,16310.7,1,""
opm2-z7-s2.mps.gz,2023,31798,79762,1,2.0853,-12879.7,1,0.0121,0.0030,2023,31798,79762,2.0422,-12879.7,1,""
opt1217.mps.gz,769,64,1542,1,0.0040,-20.0214,1,0.0003,0.0001,769,64,1542,0.0037,-20.0214,1,""
p0033.mps.gz,33,16,98,1,0.0006,2520.57,1,0.0001,0.0000,33,16,98,0.0003,2520.57,1,""
p0201.mps.gz,201,133,1923,1,0.0012,6875,1,0.0002,0.0003,195,113,1677,0.0009,6875,1,""
p0282.mps.gz,282,241,1966,1,0.0013,176868,1,0.0002,0.0001,282,241,1966,0.0010,176868,1,""
p0548.mps.gz,548,176,1711,1,0.0022,315.255,1,0.0004,0.0005,532,172,1658,0.0022,429.683,1,""
p2756.mps.gz,2756,755,8937,1,0.0056,2688.75,1,0.0015,0.0025,2741,755,8892,0.0048,2698.95,1,""
p6b.mps.gz,462,5852,11704,1,0.0182,-231,1,0.0020,0.0007,462,5852,11704,0.0180,-231,1,""
pdistuchoa.mps.gz,500,26314,52628,1,0.0900,-250,1,0.0093,0.0032,500,26314,52628,0.0912,-250,1,""
pg5_34.mps.gz,2600,225,7700,1,0.0070,-16646.6,1,0.0011,0.0004,2600,225,7700,0.0058,-16646.6,1,""
pigeon-10.mps.gz,490,931,8150,1,0.0056,-10000,1,0.0006,0.0001,490,931,8150,0.0054,-10000,1,""
pk1.mps.gz,86,45,915,1,0.0008,0,1,0.0001,0.0000,86,45,915,0.0005,0,1,""
planar150_s.mps.gz,80100,13600,213600,1,0.2692,565068,1,0.0462,0.0127,80100,13600,213600,0.2641,565068,1,""
pp08aCUTS.mps.gz,240,246,839,1,0.0030,5480.61,1,0.0002,0.0001,240,246,839,0.0027,5480.61,1,""
pp08a.mps.gz,240,136,480,1,0.0010,2748.35,1,0.0002,0.0000,240,136,480,0.0007,2748.35,1,""
protfold.mps.gz,1835,2112,23491,1,0.1880,-41.9574,1,0.0018,0.0006,1835,2112,23491,0.1871,-41.9574,1,""
pw-myciel4.mps.gz,1059,8164,17779,1,0.1386,0,1,0.0037,0.0016,1059,8164,17779,0.1379,0,1,""
qap10.mps.gz,4150,1820,18200,1,4.7248,332.566,1,0.0032,0.0009,4150,1820,18200,4.6628,332.566,1,""
qiu.mps.gz,840,1192,3432,1,0.0253,-931.639,1,0.0006,0.0002,840,1192,3432,0.0249,-931.639,1,""
qnet1.mps.gz,1541,503,4622,1,0.0113,14274.1,1,0.0009,0.0003,1541,503,4622,0.0102,14274.1,1,""
qnet1_o.mps.gz,1541,456,4214,1,0.0071,12095.6,1,0.0009,0.0003,1541,456,4214,0.0053,12095.6,1,""
rail507.mps.gz,63019,509,468878,1,0.8507,172.146,1,0.0605,0.0618,63013,499,468841,0.7442,172.146,1,""
ran16x16.mps.gz,512,288,1024,1,0.0011,3116.43,1,0.0003,0.0001,512,288,1024,0.0009,3116.43,1,""
rd-rplusc-21.mps.gz,622,125899,852384,1,7.2041,100,1,0.0628,0.0159,622,125899,852384,7.2620,100,1,""
reblock67.mps.gz,670,2523,7495,1,0.0583,-3.93399e+07,1,0.0011,0.0003,670,2523,7495,0.0567,-3.93399e+07,1,""
rentacar.mps.gz,9557,6803,41842,1,0.1269,2.88061e+07,1,0.0092,0.0020,9557,6803,41842,0.1261,2.88061e+07,1,""
rgn.mps.gz,180,24,460,1,0.0010,48.8,1,0.0001,0.0000,180,24,460,0.0007,48.8,1,""
rmatr100-p10.mps.gz,7359,7260,21877,1,0.2075,360.593,1,0.0051,0.0019,7359,7260,21877,0.2056,360.593,1,""
rmatr100-p5.mps.gz,8784,8685,26152,1,0.3688,762.04,1,0.0069,0.0023,8784,8685,26152,0.3672,762.04,1,""
rmine6.mps.gz,1096,7078,18084,1,0.0850,-462.306,1,0.0031,0.0016,1096,7078,18084,0.0842,-462.306,1,""
rococoC10-001000.mps.gz,3117,1293,11751,1,0.0129,7515.27,1,0.0025,0.0025,2566,742,10180,0.0116,7515.27,1,""
roll3000.mps.gz,1166,2295,29386,1,0.0782,11097.1,1,0.0018,0.0004,1166,2295,29386,0.0779,11097.1,1,""
rout.mps.gz,556,291,2431,1,0.0063,981.864,1,0.0003,0.0001,556,291,2431,0.0060,981.864,1,""
satellites1-25.mps.gz,9013,5996,59023,1,0.3939,-20,1,0.0095,0.0019,9013,5996,59023,0.3919,-20,1,""
sc2171.mps.gz,13757,7655,48523,1,0.1270,-998177,1,0.0128,0.0170,13716,7614,48482,0.1202,-998177,1,""
set1ch.mps.gz,712,492,1412,1,0.0028,32007.7,1,0.0004,0.0001,712,492,1412,0.0025,32007.7,1,""
seymour.mps.gz,1372,4944,33549,1,1.0900,403.846,1,0.0037,0.0053,1256,4827,33432,0.9314,403.846,1,""
sp97ar.mps.gz,14101,1761,290968,1,0.3843,6.5256e+08,1,0.0173,0.0024,14101,1761,290968,0.3821,6.5256e+08,1,""
sp97ic.mps.gz,1662,2086,66632,1,0.1167,3.91837e+08,1,0.0032,0.0006,1662,2086,66632,0.1158,3.91837e+08,1,""
sp98ar.mps.gz,5478,4680,231756,1,0.7895,5.21034e+08,1,0.0103,0.0017,5478,4680,231756,0.7958,5.21034e+08,1,""
sp98ic.mps.gz,10894,825,316317,1,0.1716,4.44278e+08,1,0.0158,0.0021,10894,825,316317,0.1701,4.44278e+08,1,""
sp98ir.mps.gz,1680,1531,71704,1,0.0951,2.16663e+08,1,0.0048,0.0037,1679,1455,71614,0.1023,2.16663e+08,1,""
sprint01_j.mps.gz,10250,3522,204000,1,0.2379,52.4167,1,0.0255,0.0198,10240,3512,203990,0.2475,52.4167,1,""
sprint_hidden01_j.mps.gz,10250,3814,202420,1,0.4051,19.4093,1,0.0250,0.0179,10240,3804,202410,0.4019,19.4093,1,""
sprint_hint01_j.mps.gz,11690,5032,208410,1,0.4229,65.1,1,0.0268,0.0169,11680,5022,208400,0.4091,65.1,1,""
stdc0025.mps.gz,46232,21336,166414,1,0.7819,-1.74307e+06,1,0.0471,0.0677,45691,20794,165872,0.7736,-1.74307e+06,1,""
stdc1220.mps.gz,24571,13054,90318,1,0.3154,-1.4282e+06,1,0.0258,0.0360,24486,12969,90233,0.2895,-1.4282e+06,1,""
stdc3282.mps.gz,94690,47610,337387,1,1.9593,-3.50522e+06,1,0.0962,0.1139,83925,36836,326613,1.8079,-3.50522e+06,1,""
stdc6262p.mps.gz,16415,27334,95471,1,3.0524,-1.39428e+06,1,0.0222,0.0346,16414,27160,95293,3.5682,-1.39428e+06,1,""
stdcd5113.mps.gz,17213,15184,77886,1,0.6023,-6.42168e+08,1,0.0178,0.0264,17167,15051,77502,0.4905,-6.42168e+08,1,""
stdnc2018.mps.gz,8089,3145,35688,1,0.3585,-863563,1,0.0051,0.0015,8089,3145,35688,0.3590,-863563,1,""
stein45.mps.gz,45,331,1034,1,0.0018,22,1,0.0002,0.0001,45,331,1034,0.0016,22,1,""
stp3d.mps.gz,204880,159488,662128,1,303.6034,481.878,1,0.2651,0.3027,188070,139531,596132,320.2698,481.878,1,""
swath.mps.gz,6805,884,34965,1,0.0629,334.497,1,0.0063,0.0053,6404,483,34084,0.0593,334.497,1,""
T1_300_5000_0.mps.gz,300,300,10300,1,0.0315,264.879,1,0.0005,0.0001,300,300,10300,0.0294,264.879,1,""
t1717.mps.gz,73885,551,325689,1,3.0009,134531,1,0.0802,0.0090,73885,551,325689,2.9865,134531,1,""
T2_200_2000_0.mps.gz,200,200,4200,1,0.0032,1012.91,1,0.0003,0.0001,200,200,4200,0.0036,1012.91,1,""
T2_300_1000_0.mps.gz,300,300,2300,1,0.0052,721,1,0.0004,0.0001,300,300,2300,0.0048,721,1,""
T2_300_5000_0.mps.gz,300,300,10300,1,0.0072,1740.44,1,0.0005,0.0001,300,300,10300,0.0054,1740.44,1,""
tanglegram1.mps.gz,34759,68342,205026,1,1.4315,0,1,0.0417,0.0106,34759,68342,205026,1.4512,0,1,""
tanglegram2.mps.gz,4714,8980,26940,1,0.0261,0,1,0.0053,0.0018,4714,8980,26940,0.0257,0,1,""
tas010.mps.gz,5759,6367,29756,1,0.8270,465793,1,0.0050,0.0025,5759,6367,29756,0.8283,465793,1,""
timtab1.mps.gz,397,171,829,1,0.0013,28694,1,0.0003,0.0001,397,171,829,0.0011,28694,1,""
timtab2.mps.gz,675,294,1482,1,0.0020,83592,1,0.0004,0.0001,675,294,1482,0.0017,83592,1,""
tr12-30.mps.gz,1080,750,2508,1,0.0052,14210.4,1,0.0007,0.0002,1080,750,2508,0.0048,14210.4,1,""
trd445c.mps.gz,1431,96133,195080,1,0.2462,-158421,1,0.0357,0.0113,1431,96133,195080,0.2447,-158421,1,""
trdHard5600-6.mps.gz,4762,5023,22895,1,0.1782,-24854.9,1,0.0053,0.0082,4761,5022,22892,0.1777,-24854.9,1,""
trdHardCA4500-8.mps.gz,4659,5843,43880,1,0.2832,-13256.8,1,0.0066,0.0089,4658,5842,43877,0.2843,-13256.8,1,""
trdnc18.mps.gz,10930,3850,48103,1,2.1071,-44197.6,1,0.0076,0.0020,10930,3850,48103,2.1010,-44197.6,1,""
trdnc.mps.gz,44077,9663,154292,1,0.3526,-6.67979e+06,1,0.0267,0.0074,44077,9663,154292,0.3529,-6.67979e+06,1,""
trdta0010.mps.gz,5759,6367,29756,1,0.8286,465793,1,0.0050,0.0016,5759,6367,29756,0.8276,465793,1,""
trdta5581.mps.gz,107140,147771,661409,1,317.1879,1.60217e+07,0,0.1442,0.0000,0,0,0,0.0000,1.79769e+308,0,""
trdta8265.mps.gz,9151,19484,126610,1,1.3930,-187031,1,0.0164,0.0068,9151,19484,126610,1.3734,-187031,1,""
trdta99.mps.gz,9613,26881,157258,1,3.0837,225365,1,0.0212,0.0080,9613,26881,157258,3.0904,225365,1,""
trdtatl9220.mps.gz,5778,9378,40800,1,1.0104,2.64791e+06,1,0.0081,0.0148,5758,9256,40459,1.1910,2.64801e+06,1,""
triptim1.mps.gz,30055,15706,515436,1,81.3995,22.8681,1,0.5780,0.0397,25695,15701,497993,54.3102,22.8681,1,""
unitcal_7.mps.gz,25755,48939,127595,1,0.9827,1.93876e+07,1,0.0310,0.0092,25755,48939,127595,0.9769,1.93876e+07,1,""
vpm1.mps.gz,378,234,749,1,0.0010,15.4167,1,0.0002,0.0001,378,234,749,0.0007,15.4167,1,""
vpm2.mps.gz,378,234,917,1,0.0020,9.88926,1,0.0002,0.0001,378,234,917,0.0017,9.88926,1,""
vpphard.mps.gz,51471,47280,372305,1,5.1882,0,1,0.0639,0.0814,51110,40828,343566,2.2694,0,1,""
xhstt-italyp.mps.gz,27248,23559,161409,1,127.1235,27,1,0.0269,0.0096,27248,23559,161409,126.2211,27,1,""
xhstt-spainp.mps.gz,23429,17256,152730,1,162.4965,300.25,1,0.0240,0.0090,23429,17256,152730,163.7157,300.25,1,""
yue20013.1.150.mps.gz,874,3684,8670,1,0.0076,0,1,0.0026,0.0023,666,2210,6240,0.0050,0,1,""
yue20023.1.150.mps.gz,1055,5374,12280,1,0.0107,0,1,0.0025,0.0031,1017,3440,9890,0.0118,0,1,""
zib54-UUE.mps.gz,5150,1809,15288,1,0.0328,3.87586e+06,1,0.0037,0.0020,5150,1809,15288,0.0321,3.87586e+06,1,""
da_BPWC_1_3_5.lp,5118,41210,92177,1,1.2963,18.0618,1,0.0202,0.0393,5117,41207,92172,0.1765,18.0618,1,""
da_BPWC_2_8_6.lp,6475,83612,179175,1,3.1492,36.3647,1,0.0377,0.0756,6471,83603,179161,1.4772,36.3647,1,""
da_BPWC_2_8_9.lp,6475,82878,177707,1,3.0083,36.9836,1,0.0381,0.0763,6474,82868,177695,1.2813,36.9836,1,""
da_BPWC_3_8_4.lp,25450,662614,1374129,1,35.2965,76.5673,1,0.2923,0.6063,25445,662604,1374113,26.0084,76.5673,1,""
d_BPWC_2_4_10.lp,22824,287902,620453,1,12.5727,36.7585,1,0.1329,0.2712,22824,287901,620451,0.7149,36.7585,1,""
ta_BPWC_5_5_5.lp,945,4664,10979,1,0.0230,20,1,0.0023,0.0047,944,4661,10974,0.0184,20,1,""
ta_BPWC_5_7_1.lp,591,2186,5315,1,0.0100,20,1,0.0011,0.0023,588,2179,5304,0.0148,20,1,""
ta_BPWC_5_7_4.lp,591,2290,5523,1,0.0154,20,1,0.0012,0.0023,589,2283,5513,0.0180,20,1,""
ta_BPWC_6_9_8.lp,834,2542,6273,1,0.0304,40,1,0.0014,0.0026,824,2523,6243,0.0294,40,1,""
ta_BPWC_7_1_8.lp,28038,205356,465793,1,16.3774,83,1,0.1056,0.1943,28038,205355,465791,1.0007,83,1,""
ta_BPWC_8_6_7.lp,50601,2000209,4099617,1,87.1231,167,1,0.8843,1.7841,50597,2000202,4099605,79.8231,167,1,""
tELGN_BPWC_5_1_10.lp,1749,1074,5407,1,0.0081,20,1,0.0012,0.0022,1748,1072,5403,0.0078,20,1,""
tELGN_BPWC_5_9_7.lp,66,119,131,1,0.0005,57.324,1,0.0001,0.0001,10,6,17,0.0002,57.324,1,""
tELGN_BPWC_6_6_20.lp,1645,4980,12771,1,0.0230,69.0904,1,0.0026,0.0052,1601,4890,12673,0.0220,69.0904,1,""
tELGN_BPWC_6_8_9.lp,918,1569,4495,1,0.0084,86.676,1,0.0010,0.0017,847,1425,4349,0.0071,86.676,1,""
tELGN_BPWC_7_6_16.lp,9142,108815,234919,1,3.5359,118.015,1,0.0503,0.0952,9085,108701,234799,1.3954,118.015,1,""
tMIMT_BPPC_6_3_4.lp,5899,26108,63535,1,0.7529,40,1,0.0135,0.0255,5899,26107,63533,0.0581,40,1,""
tMIMT_BPPC_7_1_7.lp,30650,35547,131399,1,1.8089,83,1,0.0318,0.0598,30650,35546,131397,0.1927,83,1,""
tMIMT_BPPC_8_5_1.lp,63011,1866710,3857439,1,77.1898,167.237,1,0.8236,1.6961,63004,1866697,3857418,53.9038,167.237,1,""
tMIMT_BPPC_8_7_5.lp,21816,332209,706047,1,13.6211,301.747,1,0.1536,0.3061,21608,331797,705627,7.7010,301.747,1,""
ua_BPWC_1_8_10.lp,1548,9257,21131,1,0.0674,47.76,1,0.0056,0.0064,1293,6801,15723,0.0536,47.76,1,""
ua_BPWC_1_9_2.lp,834,2663,6515,1,0.0249,48.63,1,0.0018,0.0019,692,1970,4875,0.0192,48.63,1,""
ua_BPWC_2_3_9.lp,22038,377876,798829,1,19.1035,99.0867,1,0.2654,0.2600,18010,264420,563865,2.4303,99.0867,1,""
uELGN_BPWC_1_2_4.lp,6351,17784,47791,1,0.2868,48.5667,1,0.0282,0.0120,5046,10378,30369,0.0413,48.5667,1,""
uELGN_BPWC_3_2_18.lp,114957,1348796,2925507,1,71.7407,197.427,1,1.2910,0.9082,93433,992258,2169383,10.0261,197.427,1,""
uELGN_BPWC_3_9_18.lp,3638,9337,23951,1,0.0370,435.654,1,0.0103,0.0064,2757,5339,15802,0.0320,437.189,1,""
uMIMT_BPPC_2_5_2.lp,15185,192758,414887,1,7.5798,99.0267,1,0.1315,0.1412,12433,145303,314479,1.8386,99.0267,1,""
uMIMT_BPPC_2_9_1.lp,1388,2696,7169,1,0.0092,216.513,1,0.0033,0.0018,953,1362,4411,0.0062,216.533,1,""
uMIMT_BPPC_3_7_6.lp,20725,260763,560977,1,9.6943,336.038,1,0.2025,0.1573,15950,172186,375152,1.2500,337.34,1,""
mzzv11.,0,0,0,0,0.0000,1.79769e+308,0,0.0000,0.0000,0,0,0,0.0000,1.79769e+308,0,"abort called."
mzzv11.mps.gz,10240,9499,134603,1,18.7940,-22945.2,1,0.0394,0.0113,10240,9499,134603,0.0000,1.79769e+308,0,"abort called."
mzzv11.mps.gz,10240,9499,134603,1,17.8452,-22945.2,1,0.0357,0.0092,10240,9499,134603,18.4399,-22945.2,1,""
